Asset type,Text,Description line 1,Description line 2,Final URL / Value
Sitelink,治療の流れと費用,CTによる精密診断から装着まで,費用・期間・リスクを掲載,{LP_URL}#implant-info
Sitelink,入れ歯・ブリッジと比較,3つの治療法を比較表で解説,あなたに合う方法をご提案,{LP_URL}#comparison
Sitelink,よくあるご質問,高齢・持病がある方のご質問,痛みや通院回数について,{LP_URL}#faq
Sitelink,院長紹介,元・大学病院 高齢者歯科部長,歯学博士 田中栄士,{LP_URL}#doctor
Callout,歯科用CT完備,,,
Callout,持病のある方もご相談可,,,
Callout,土曜診療あり,,,
Callout,駐車場完備,,,
Callout,WEB予約24時間受付,,,
Callout,治療前にお見積りを提示,,,
Callout,院内分割（金利ゼロ）あり,,,
Structured snippet,サービス: インプラント / インプラントオーバーデンチャー / 精密入れ歯 / ブリッジ / 嚥下内視鏡検査,,,
Call,0791-64-6800,,,診療時間内のみ表示に設定
Location,Google ビジネスプロフィールを連携,,,
