Campaign,Ad group,Keyword,Match type,Priority,Note
インプラント_たつの周辺,地域×インプラント,たつの市 インプラント,Phrase,高,最重要。指名検索に次ぐCV率
インプラント_たつの周辺,地域×インプラント,たつの インプラント,Phrase,高,
インプラント_たつの周辺,地域×インプラント,龍野 インプラント,Phrase,高,
インプラント_たつの周辺,地域×インプラント,本竜野 インプラント,Phrase,高,
インプラント_たつの周辺,地域×インプラント,揖保川 インプラント,Phrase,中,
インプラント_たつの周辺,地域×インプラント,新宮 インプラント,Phrase,中,
インプラント_たつの周辺,地域×インプラント,太子町 インプラント,Phrase,中,
インプラント_たつの周辺,地域×インプラント,姫路 西 インプラント,Phrase,中,姫路市内は競合多い。CPA を見て調整
インプラント_たつの周辺,地域×インプラント,相生 インプラント,Phrase,中,
インプラント_たつの周辺,地域×インプラント,宍粟 インプラント,Phrase,中,
インプラント_たつの周辺,インプラント（地域ターゲティングで絞込み）,インプラント 歯医者,Phrase,中,地域ターゲティング必須
インプラント_たつの周辺,インプラント（地域ターゲティングで絞込み）,インプラント 歯科,Phrase,中,
インプラント_たつの周辺,インプラント（地域ターゲティングで絞込み）,インプラント 治療,Phrase,中,
インプラント_たつの周辺,インプラント（地域ターゲティングで絞込み）,インプラント 相談,Phrase,高,
インプラント_たつの周辺,インプラント（地域ターゲティングで絞込み）,インプラント 費用,Phrase,中,LP の費用欄を必ず記入
インプラント_たつの周辺,インプラント（地域ターゲティングで絞込み）,インプラント 近く,Phrase,高,
インプラント_たつの周辺,インプラント（地域ターゲティングで絞込み）,インプラント おすすめ 歯医者,Phrase,中,
インプラント_たつの周辺,悩み・不安（当院の強み）,高齢 インプラント,Phrase,高,老年歯科専門医の強みが最も活きる
インプラント_たつの周辺,悩み・不安（当院の強み）,糖尿病 インプラント,Phrase,高,
インプラント_たつの周辺,悩み・不安（当院の強み）,骨粗しょう症 インプラント,Phrase,高,
インプラント_たつの周辺,悩み・不安（当院の強み）,インプラント 断られた,Phrase,高,
インプラント_たつの周辺,悩み・不安（当院の強み）,インプラント 骨が少ない,Phrase,高,
インプラント_たつの周辺,悩み・不安（当院の強み）,インプラント 入れ歯 どっち,Phrase,中,比較セクションへの流入
インプラント_たつの周辺,悩み・不安（当院の強み）,インプラント ブリッジ 比較,Phrase,中,
インプラント_たつの周辺,悩み・不安（当院の強み）,入れ歯 合わない インプラント,Phrase,中,
インプラント_たつの周辺,悩み・不安（当院の強み）,インプラントオーバーデンチャー,Phrase,高,
インプラント_たつの周辺,悩み・不安（当院の強み）,インプラント 入れ歯 固定,Phrase,中,
インプラント_たつの周辺,指名,たなか歯科クリニック,Exact,高,指名は低単価で確実に獲得
インプラント_たつの周辺,指名,たなか歯科 たつの,Phrase,高,
インプラント_たつの周辺,指名,田中歯科 龍野,Phrase,高,
