Ad group,Asset type,Text,Pin,Note
共通,Headline,たつの市のインプラント相談,1,地域キーワードとの一致
共通,Headline,たつの市でインプラントなら,1,
共通,Headline,たなか歯科クリニック,,
共通,Headline,歯科用CTで骨を立体診断,,
共通,Headline,持病・服薬中の方もご相談を,,
共通,Headline,高齢の方のインプラント相談,,
共通,Headline,高齢者歯科の豊富な診療経験,,
共通,Headline,元大学病院の診療部長が診断,,
共通,Headline,入れ歯・ブリッジとも比較,,
共通,Headline,適さない場合は正直にお伝え,,
共通,Headline,費用・期間を事前にご説明,,
共通,Headline,WEB予約は24時間受付,,
共通,Headline,駐車場完備・龍野町富永,,
共通,Headline,他院で断られた方もご相談を,,
共通,Headline,納得いただくまで丁寧に説明,,
共通,Description,歯科用CTで骨の量や神経の位置を立体的に確認。全身の状態まで踏まえて治療計画を立てます。,,
共通,Description,糖尿病・骨粗しょう症のお薬など持病のある方も、主治医と連携しながら安全性を確認します。,,
共通,Description,インプラントが適さない場合は入れ歯・ブリッジも含めて正直にご提案。自由診療です。,,
共通,Description,たつの市龍野町。土曜も診療・駐車場完備。WEB予約24時間受付。お気軽にご相談ください。,,
共通,Path1,インプラント,,
共通,Path2,たつの市,,
